"";"purchaseSystem";"orderRevenue";"experimentVariant"
"1";"Pp";15,99;"Treatment"
"2";"Pp";17,99;"Treatment"
"3";"Pp";15,99;"Treatment"
"4";"Pp";15,99;"Treatment"
"5";"Pp";17,99;"Treatment"
"6";"Pp";16,99;"Treatment"
"7";"Pp";19,99;"Treatment"
"8";"Pp";16,99;"Treatment"
"9";"Pp";13,99;"Treatment"
"10";"Pp";16,99;"Treatment"
"11";"Pp";14,99;"Treatment"
"12";"Pp";18,99;"Treatment"
"13";"Pp";15,99;"Treatment"
"14";"Pp";15,99;"Treatment"
"15";"Pp";16,99;"Treatment"
"16";"Pp";12,99;"Treatment"
"17";"Pp";15,99;"Treatment"
"18";"Pp";15,99;"Treatment"
"19";"Pp";17,99;"Treatment"
"20";"Pp";12,99;"Treatment"
"21";"Pp";15,99;"Treatment"
"22";"Pp";19,99;"Treatment"
"23";"Pp";14,99;"Treatment"
"24";"Pp";16,99;"Treatment"
"25";"Pp";18,99;"Treatment"
"26";"Pp";18,99;"Treatment"
"27";"Pp";16,99;"Treatment"
"28";"Pp";17,99;"Treatment"
"29";"Pp";15,99;"Treatment"
"30";"Pp";15,99;"Treatment"
"31";"Pp";16,99;"Treatment"
"32";"Pp";17,99;"Treatment"
"33";"Pp";15,99;"Treatment"
"34";"Pp";13,99;"Treatment"
"35";"Pp";16,99;"Treatment"
"36";"Pp";13,99;"Treatment"
"37";"Pp";17,99;"Treatment"
"38";"Pp";20,99;"Treatment"
"39";"Pp";11,99;"Treatment"
"40";"Pp";12,99;"Treatment"
"41";"Pp";16,99;"Treatment"
"42";"Pp";17,99;"Treatment"
"43";"Pp";11,99;"Treatment"
"44";"Pp";14,99;"Treatment"
"45";"Pp";15,99;"Treatment"
"46";"Pp";17,99;"Treatment"
"47";"Pp";15,99;"Treatment"
"48";"Pp";11,99;"Treatment"
"49";"Pp";14,99;"Treatment"
"50";"Pp";18,99;"Treatment"
"51";"Pp";16,99;"Treatment"
"52";"Pp";18,99;"Treatment"
"53";"Pp";16,99;"Treatment"
"54";"Pp";16,99;"Treatment"
"55";"Pp";13,99;"Treatment"
"56";"Pp";14,99;"Treatment"
"57";"Pp";16,99;"Treatment"
"58";"Pp";18,99;"Treatment"
"59";"Pp";17,99;"Treatment"
"60";"Pp";15,99;"Treatment"
"61";"Pp";15,99;"Treatment"
"62";"Pp";12,99;"Treatment"
"63";"Pp";14,99;"Treatment"
"64";"Pp";14,99;"Treatment"
"65";"Pp";12,99;"Treatment"
"66";"Pp";16,99;"Treatment"
"67";"Pp";14,99;"Treatment"
"68";"Pp";11,99;"Treatment"
"69";"Pp";17,99;"Treatment"
"70";"Pp";13,99;"Treatment"
"71";"Pp";13,99;"Treatment"
"72";"Pp";16,99;"Treatment"
"73";"Pp";17,99;"Treatment"
"74";"Pp";12,99;"Treatment"
"75";"Pp";15,99;"Treatment"
"76";"Pp";20,99;"Treatment"
"77";"Pp";16,99;"Treatment"
"78";"Pp";13,99;"Treatment"
"79";"Pp";16,99;"Treatment"
"80";"Pp";17,99;"Treatment"
"81";"Pp";14,99;"Treatment"
"82";"Pp";14,99;"Treatment"
"83";"Pp";16,99;"Treatment"
"84";"Pp";15,99;"Treatment"
"85";"Pp";13,99;"Treatment"
"86";"Pp";12,99;"Treatment"
"87";"Pp";13,99;"Treatment"
"88";"Pp";14,99;"Treatment"
"89";"Pp";15,99;"Treatment"
"90";"Pp";14,99;"Treatment"
"91";"Pp";13,99;"Treatment"
"92";"Pp";15,99;"Treatment"
"93";"Pp";15,99;"Treatment"
"94";"Pp";13,99;"Treatment"
"95";"Pp";14,99;"Treatment"
"96";"Pp";13,99;"Treatment"
"97";"Pp";18,99;"Treatment"
"98";"Pp";15,99;"Treatment"
"99";"Pp";14,99;"Treatment"
"100";"Pp";14,99;"Treatment"
"101";"Pp";17,99;"Treatment"
"102";"Pp";16,99;"Treatment"
"103";"Pp";13,99;"Treatment"
"104";"Pp";16,99;"Treatment"
"105";"Pp";14,99;"Treatment"
"106";"Pp";16,99;"Treatment"
"107";"Pp";15,99;"Treatment"
"108";"Pp";19,99;"Treatment"
"109";"Pp";14,99;"Treatment"
"110";"Pp";15,99;"Treatment"
"111";"Pp";14,99;"Treatment"
"112";"Pp";17,99;"Treatment"
"113";"Pp";20,99;"Treatment"
"114";"Pp";14,99;"Treatment"
"115";"Pp";13,99;"Treatment"
"116";"Pp";17,99;"Treatment"
"117";"Pp";19,99;"Treatment"
"118";"Pp";14,99;"Treatment"
"119";"Pp";21,99;"Treatment"
"120";"Pp";17,99;"Treatment"
"121";"Pp";18,99;"Treatment"
"122";"Pp";15,99;"Treatment"
"123";"Pp";16,99;"Treatment"
"124";"Pp";15,99;"Treatment"
"125";"Pp";16,99;"Treatment"
"126";"Pp";16,99;"Treatment"
"127";"Pp";16,99;"Treatment"
"128";"Pp";18,99;"Treatment"
"129";"Pp";16,99;"Treatment"
"130";"Pp";13,99;"Treatment"
"131";"Pp";15,99;"Treatment"
"132";"Pp";12,99;"Treatment"
"133";"Pp";13,99;"Treatment"
"134";"Pp";15,99;"Treatment"
"135";"Pp";12,99;"Treatment"
"136";"Pp";12,99;"Treatment"
"137";"Pp";16,99;"Treatment"
"138";"Pp";10,99;"Treatment"
"139";"Pp";15,99;"Treatment"
"140";"Pp";17,99;"Treatment"
"141";"Pp";17,99;"Treatment"
"142";"Pp";16,99;"Treatment"
"143";"Pp";15,99;"Treatment"
"144";"Pp";12,99;"Treatment"
"145";"Pp";15,99;"Treatment"
"146";"Pp";13,99;"Treatment"
"147";"Pp";15,99;"Treatment"
"148";"Pp";14,99;"Treatment"
"149";"Pp";16,99;"Treatment"
"150";"Pp";16,99;"Treatment"
"151";"Pp";15,99;"Treatment"
"152";"Pp";13,99;"Treatment"
"153";"Pp";15,99;"Treatment"
"154";"Pp";18,99;"Treatment"
"155";"Pp";13,99;"Treatment"
"156";"Pp";15,99;"Treatment"
"157";"Pp";15,99;"Treatment"
"158";"Pp";15,99;"Treatment"
"159";"Pp";14,99;"Treatment"
"160";"Pp";14,99;"Treatment"
"161";"Pp";15,99;"Treatment"
"162";"Pp";18,99;"Treatment"
"163";"Pp";11,99;"Treatment"
"164";"Pp";18,99;"Treatment"
"165";"Pp";19,99;"Treatment"
"166";"Pp";18,99;"Treatment"
"167";"Pp";13,99;"Treatment"
"168";"Pp";13,99;"Treatment"
"169";"Pp";13,99;"Treatment"
"170";"Pp";17,99;"Treatment"
"171";"Pp";19,99;"Treatment"
"172";"Pp";16,99;"Treatment"
"173";"Pp";19,99;"Treatment"
"174";"Pp";15,99;"Treatment"
"175";"Pp";12,99;"Treatment"
"176";"Pp";15,99;"Treatment"
"177";"Pp";17,99;"Treatment"
"178";"Pp";17,99;"Treatment"
"179";"Pp";19,99;"Treatment"
"180";"Pp";18,99;"Treatment"
"181";"Pp";11,99;"Treatment"
"182";"Pp";15,99;"Treatment"
"183";"Pp";14,99;"Treatment"
"184";"Pp";17,99;"Treatment"
"185";"Pp";17,99;"Treatment"
"186";"Pp";17,99;"Treatment"
"187";"Pp";16,99;"Treatment"
"188";"Pp";15,99;"Treatment"
"189";"Pp";15,99;"Treatment"
"190";"Pp";14,99;"Treatment"
"191";"Pp";15,99;"Treatment"
"192";"Pp";14,99;"Treatment"
"193";"Pp";16,99;"Treatment"
"194";"Pp";17,99;"Treatment"
"195";"Pp";16,99;"Treatment"
"196";"Pp";17,99;"Treatment"
"197";"Pp";16,99;"Treatment"
"198";"Pp";12,99;"Treatment"
"199";"Pp";13,99;"Treatment"
"200";"Pp";14,99;"Treatment"
"201";"Pp";16,99;"Treatment"
"202";"Pp";14,99;"Treatment"
"203";"Pp";17,99;"Treatment"
"204";"Pp";17,99;"Treatment"
"205";"Pp";17,99;"Treatment"
"206";"Pp";13,99;"Treatment"
"207";"Pp";14,99;"Treatment"
"208";"Pp";17,99;"Treatment"
"209";"Pp";13,99;"Treatment"
"210";"Pp";15,99;"Treatment"
"211";"Pp";12,99;"Treatment"
"212";"Pp";13,99;"Treatment"
"213";"Pp";11,99;"Treatment"
"214";"Pp";17,99;"Treatment"
"215";"Pp";14,99;"Treatment"
"216";"Pp";18,99;"Treatment"
"217";"Pp";15,99;"Treatment"
"218";"Pp";19,99;"Treatment"
"219";"Pp";14,99;"Treatment"
"220";"Pp";14,99;"Treatment"
"221";"Pp";10,99;"Treatment"
"222";"Pp";19,99;"Treatment"
"223";"Pp";15,99;"Treatment"
"224";"Pp";15,99;"Treatment"
"225";"Pp";14,99;"Treatment"
"226";"Pp";16,99;"Treatment"
"227";"Pp";13,99;"Treatment"
"228";"Pp";16,99;"Treatment"
"229";"Pp";19,99;"Treatment"
"230";"Pp";14,99;"Treatment"
"231";"Pp";14,99;"Treatment"
"232";"Pp";20,99;"Treatment"
"233";"Pp";11,99;"Treatment"
"234";"Pp";14,99;"Treatment"
"235";"Pp";18,99;"Treatment"
"236";"Pp";17,99;"Treatment"
"237";"Pp";16,99;"Treatment"
"238";"Pp";17,99;"Treatment"
"239";"Pp";16,99;"Treatment"
"240";"Pp";16,99;"Treatment"
"241";"Pp";13,99;"Treatment"
"242";"Pp";15,99;"Treatment"
"243";"Pp";13,99;"Treatment"
"244";"Pp";15,99;"Treatment"
"245";"Pp";15,99;"Treatment"
"246";"Pp";11,99;"Treatment"
"247";"Pp";15,99;"Treatment"
"248";"Pp";15,99;"Treatment"
"249";"Pp";14,99;"Treatment"
"250";"Pp";16,99;"Treatment"
"251";"Pp";15,99;"Treatment"
"252";"Pp";17,99;"Treatment"
"253";"Pp";16,99;"Treatment"
"254";"Pp";14,99;"Treatment"
"255";"Pp";19,99;"Treatment"
"256";"Pp";16,99;"Treatment"
"257";"Pp";16,99;"Treatment"
"258";"Pp";14,99;"Treatment"
"259";"Pp";15,99;"Treatment"
"260";"Pp";14,99;"Treatment"
"261";"Pp";15,99;"Treatment"
"262";"Pp";18,99;"Treatment"
"263";"Pp";14,99;"Treatment"
"264";"Pp";11,99;"Treatment"
"265";"Pp";14,99;"Treatment"
"266";"Pp";14,99;"Treatment"
"267";"Pp";15,99;"Treatment"
"268";"Pp";13,99;"Treatment"
"269";"Pp";13,99;"Treatment"
"270";"Pp";15,99;"Treatment"
"271";"Pp";16,99;"Treatment"
"272";"Pp";16,99;"Treatment"
"273";"Pp";16,99;"Treatment"
"274";"Pp";14,99;"Treatment"
"275";"Pp";17,99;"Treatment"
"276";"Pp";18,99;"Treatment"
"277";"Pp";16,99;"Treatment"
"278";"Pp";15,99;"Treatment"
"279";"Pp";13,99;"Treatment"
"280";"Pp";15,99;"Treatment"
"281";"Pp";11,99;"Treatment"
"282";"Pp";14,99;"Treatment"
"283";"Pp";15,99;"Treatment"
"284";"Pp";14,99;"Treatment"
"285";"Pp";15,99;"Treatment"
"286";"Pp";15,99;"Treatment"
"287";"Pp";16,99;"Treatment"
"288";"Pp";17,99;"Treatment"
"289";"Pp";16,99;"Treatment"
"290";"Pp";11,99;"Treatment"
"291";"Pp";16,99;"Treatment"
"292";"Pp";14,99;"Treatment"
"293";"Pp";15,99;"Treatment"
"294";"Pp";13,99;"Treatment"
"295";"Pp";15,99;"Treatment"
"296";"Pp";16,99;"Treatment"
"297";"Pp";12,99;"Treatment"
"298";"Pp";15,99;"Treatment"
"299";"Pp";17,99;"Treatment"
"300";"Pp";11,99;"Treatment"
"301";"Pp";16,99;"Treatment"
"302";"Pp";20,99;"Treatment"
"303";"Pp";17,99;"Treatment"
"304";"Pp";15,99;"Treatment"
"305";"Pp";16,99;"Treatment"
"306";"Pp";17,99;"Treatment"
"307";"Pp";12,99;"Treatment"
"308";"Pp";16,99;"Treatment"
"309";"Pp";14,99;"Treatment"
"310";"Pp";12,99;"Treatment"
"311";"Pp";14,99;"Treatment"
"312";"Pp";15,99;"Treatment"
"313";"Pp";14,99;"Treatment"
"314";"Pp";15,99;"Treatment"
"315";"Pp";16,99;"Treatment"
"316";"Pp";16,99;"Treatment"
"317";"Pp";19,99;"Treatment"
"318";"Pp";15,99;"Treatment"
"319";"Pp";17,99;"Treatment"
"320";"Pp";18,99;"Treatment"
"321";"Pp";15,99;"Treatment"
"322";"Pp";17,99;"Treatment"
"323";"Pp";15,99;"Treatment"
"324";"Pp";16,99;"Treatment"
"325";"Pp";13,99;"Treatment"
"326";"Pp";15,99;"Treatment"
"327";"Pp";16,99;"Treatment"
"328";"Pp";15,99;"Treatment"
"329";"Pp";16,99;"Treatment"
"330";"Pp";16,99;"Treatment"
"331";"Pp";11,99;"Treatment"
"332";"Pp";13,99;"Treatment"
"333";"Pp";14,99;"Treatment"
"334";"Pp";14,99;"Treatment"
"335";"Pp";16,99;"Treatment"
"336";"Pp";11,99;"Treatment"
"337";"Pp";16,99;"Treatment"
"338";"Pp";16,99;"Treatment"
"339";"Pp";15,99;"Treatment"
"340";"Pp";14,99;"Treatment"
"341";"Pp";17,99;"Treatment"
"342";"Pp";13,99;"Treatment"
"343";"Pp";17,99;"Treatment"
"344";"Pp";16,99;"Treatment"
"345";"Pp";16,99;"Treatment"
"346";"Pp";15,99;"Treatment"
"347";"Pp";14,99;"Treatment"
"348";"Pp";12,99;"Treatment"
"349";"Pp";17,99;"Treatment"
"350";"Pp";13,99;"Treatment"
"351";"Pp";18,99;"Treatment"
"352";"Pp";18,99;"Treatment"
"353";"Pp";16,99;"Treatment"
"354";"Pp";18,99;"Treatment"
"355";"Pp";17,99;"Treatment"
"356";"Pp";15,99;"Treatment"
"357";"Pp";13,99;"Treatment"
"358";"Pp";16,99;"Treatment"
"359";"Pp";14,99;"Treatment"
"360";"Pp";15,99;"Treatment"
"361";"Pp";14,99;"Treatment"
"362";"Pp";13,99;"Treatment"
"363";"Pp";14,99;"Treatment"
"364";"Pp";16,99;"Treatment"
"365";"Pp";14,99;"Treatment"
"366";"Pp";15,99;"Treatment"
"367";"Pp";16,99;"Treatment"
"368";"Pp";17,99;"Treatment"
"369";"Pp";15,99;"Treatment"
"370";"Pp";13,99;"Treatment"
"371";"Pp";16,99;"Treatment"
"372";"Pp";18,99;"Treatment"
"373";"Pp";17,99;"Treatment"
"374";"Pp";13,99;"Treatment"
"375";"Pp";15,99;"Treatment"
"376";"Pp";17,99;"Treatment"
"377";"Pp";13,99;"Treatment"
"378";"Pp";18,99;"Treatment"
"379";"Pp";12,99;"Treatment"
"380";"Pp";14,99;"Treatment"
"381";"Pp";13,99;"Treatment"
"382";"Pp";17,99;"Treatment"
"383";"Pp";19,99;"Treatment"
"384";"Pp";15,99;"Treatment"
"385";"Pp";12,99;"Treatment"
"386";"Pp";16,99;"Treatment"
"387";"Pp";12,99;"Treatment"
"388";"Pp";14,99;"Treatment"
"389";"Pp";13,99;"Treatment"
"390";"Pp";18,99;"Treatment"
"391";"Pp";16,99;"Treatment"
"392";"Pp";15,99;"Treatment"
"393";"Pp";16,99;"Treatment"
"394";"Pp";15,99;"Treatment"
"395";"Pp";15,99;"Treatment"
"396";"Pp";17,99;"Treatment"
"397";"Pp";13,99;"Treatment"
"398";"Pp";18,99;"Treatment"
"399";"Pp";14,99;"Treatment"
"400";"Pp";15,99;"Treatment"
"401";"Pp";16,99;"Treatment"
"402";"Pp";12,99;"Treatment"
"403";"Pp";12,99;"Treatment"
"404";"Pp";16,99;"Treatment"
"405";"Pp";18,99;"Treatment"
"406";"Pp";14,99;"Treatment"
"407";"Pp";18,99;"Treatment"
"408";"Pp";16,99;"Treatment"
"409";"Pp";15,99;"Treatment"
"410";"Pp";15,99;"Treatment"
"411";"Pp";17,99;"Treatment"
"412";"Pp";16,99;"Treatment"
"413";"Pp";13,99;"Treatment"
"414";"Pp";16,99;"Treatment"
"415";"Pp";13,99;"Treatment"
"416";"Pp";16,99;"Treatment"
"417";"Pp";15,99;"Treatment"
"418";"Pp";17,99;"Treatment"
"419";"Pp";15,99;"Treatment"
"420";"Pp";16,99;"Treatment"
"421";"Pp";17,99;"Treatment"
"422";"Pp";12,99;"Treatment"
"423";"Pp";16,99;"Treatment"
"424";"Pp";15,99;"Treatment"
"425";"Pp";11,99;"Treatment"
"426";"Pp";14,99;"Treatment"
"427";"Pp";15,99;"Treatment"
"428";"Pp";16,99;"Treatment"
"429";"Pp";17,99;"Treatment"
"430";"Pp";12,99;"Treatment"
"431";"Pp";18,99;"Treatment"
"432";"Pp";14,99;"Treatment"
"433";"Pp";16,99;"Treatment"
"434";"Pp";17,99;"Treatment"
"435";"Pp";18,99;"Treatment"
"436";"Pp";15,99;"Treatment"
"437";"Pp";16,99;"Treatment"
"438";"Pp";13,99;"Treatment"
"439";"Pp";13,99;"Treatment"
"440";"Pp";13,99;"Treatment"
"441";"Pp";13,99;"Treatment"
"442";"Pp";12,99;"Treatment"
"443";"Pp";13,99;"Treatment"
"444";"Pp";13,99;"Treatment"
"445";"Pp";17,99;"Treatment"
"446";"Pp";16,99;"Treatment"
"447";"Pp";12,99;"Treatment"
"448";"Pp";16,99;"Treatment"
"449";"Pp";18,99;"Treatment"
"450";"Pp";14,99;"Treatment"
"451";"Pp";16,99;"Treatment"
"452";"Pp";17,99;"Treatment"
"453";"Pp";18,99;"Treatment"
"454";"Pp";15,99;"Treatment"
"455";"Pp";19,99;"Treatment"
"456";"Pp";14,99;"Treatment"
"457";"Pp";15,99;"Treatment"
"458";"Pp";13,99;"Treatment"
"459";"Pp";12,99;"Treatment"
"460";"Pp";14,99;"Treatment"
"461";"Pp";15,99;"Treatment"
"462";"Pp";11,99;"Treatment"
"463";"Pp";19,99;"Treatment"
"464";"Pp";16,99;"Treatment"
"465";"Pp";13,99;"Treatment"
"466";"Pp";13,99;"Treatment"
"467";"Pp";14,99;"Treatment"
"468";"Pp";16,99;"Treatment"
"469";"Pp";16,99;"Treatment"
"470";"Pp";16,99;"Treatment"
"471";"Pp";12,99;"Treatment"
"472";"Pp";16,99;"Treatment"
"473";"Pp";14,99;"Treatment"
"474";"Pp";13,99;"Treatment"
"475";"Pp";17,99;"Treatment"
"476";"Pp";16,99;"Treatment"
"477";"Pp";17,99;"Treatment"
"478";"Pp";15,99;"Treatment"
"479";"Pp";14,99;"Treatment"
"480";"Pp";12,99;"Treatment"
"481";"Pp";16,99;"Treatment"
"482";"Pp";16,99;"Treatment"
"483";"Pp";14,99;"Treatment"
"484";"Pp";15,99;"Treatment"
"485";"Pp";14,99;"Treatment"
"486";"Pp";16,99;"Treatment"
"487";"Pp";17,99;"Treatment"
"488";"Pp";14,99;"Treatment"
"489";"Pp";17,99;"Treatment"
"490";"Pp";17,99;"Treatment"
"491";"Pp";15,99;"Treatment"
"492";"Pp";14,99;"Treatment"
"493";"Pp";12,99;"Treatment"
"494";"Pp";15,99;"Treatment"
"495";"Pp";16,99;"Treatment"
"496";"Pp";13,99;"Treatment"
"497";"Pp";16,99;"Treatment"
"498";"Pp";17,99;"Treatment"
"499";"Pp";15,99;"Treatment"
"500";"Pp";17,99;"Treatment"
"501";"Pp";14,99;"Treatment"
"502";"Pp";13,99;"Treatment"
"503";"Pp";16,99;"Treatment"
"504";"Pp";15,99;"Treatment"
"505";"Pp";12,99;"Treatment"
"506";"Pp";14,99;"Treatment"
"507";"Pp";15,99;"Treatment"
"508";"Pp";15,99;"Treatment"
"509";"Pp";18,99;"Treatment"
"510";"Pp";18,99;"Treatment"
"511";"Pp";16,99;"Treatment"
"512";"Pp";12,99;"Treatment"
"513";"Pp";14,99;"Treatment"
"514";"Pp";17,99;"Treatment"
"515";"Pp";14,99;"Treatment"
"516";"Pp";17,99;"Treatment"
"517";"Pp";16,99;"Treatment"
"518";"Pp";15,99;"Treatment"
"519";"Pp";15,99;"Treatment"
"520";"Pp";15,99;"Treatment"
"521";"Pp";11,99;"Treatment"
"522";"Pp";16,99;"Treatment"
"523";"Pp";12,99;"Treatment"
"524";"Pp";19,99;"Treatment"
"525";"Pp";11,99;"Treatment"
"526";"Pp";15,99;"Treatment"
"527";"Pp";20,99;"Treatment"
"528";"Pp";17,99;"Treatment"
"529";"Pp";15,99;"Treatment"
"530";"Pp";14,99;"Treatment"
"531";"Pp";16,99;"Treatment"
"532";"Pp";16,99;"Treatment"
"533";"Pp";15,99;"Treatment"
"534";"Pp";13,99;"Treatment"
"535";"Pp";16,99;"Treatment"
"536";"Pp";14,99;"Treatment"
"537";"Pp";14,99;"Treatment"
"538";"Pp";10,99;"Treatment"
"539";"Pp";18,99;"Treatment"
"540";"Pp";17,99;"Treatment"
"541";"Pp";11,99;"Treatment"
"542";"Pp";13,99;"Treatment"
"543";"Pp";15,99;"Treatment"
"544";"Pp";18,99;"Treatment"
"545";"Pp";15,99;"Treatment"
"546";"Pp";17,99;"Treatment"
"547";"St";21,99;"Treatment"
"548";"St";22,99;"Treatment"
"549";"St";25,99;"Treatment"
"550";"St";18,99;"Treatment"
"551";"St";21,99;"Treatment"
"552";"St";22,99;"Treatment"
"553";"St";21,99;"Treatment"
"554";"St";21,99;"Treatment"
"555";"St";19,99;"Treatment"
"556";"St";22,99;"Treatment"
"557";"St";19,99;"Treatment"
"558";"St";21,99;"Treatment"
"559";"St";23,99;"Treatment"
"560";"St";19,99;"Treatment"
"561";"St";20,99;"Treatment"
"562";"St";15,99;"Treatment"
"563";"St";20,99;"Treatment"
"564";"St";17,99;"Treatment"
"565";"St";23,99;"Treatment"
"566";"St";20,99;"Treatment"
"567";"St";25,99;"Treatment"
"568";"St";21,99;"Treatment"
"569";"St";24,99;"Treatment"
"570";"St";20,99;"Treatment"
"571";"St";22,99;"Treatment"
"572";"St";20,99;"Treatment"
"573";"St";20,99;"Treatment"
"574";"St";21,99;"Treatment"
"575";"St";15,99;"Treatment"
"576";"St";19,99;"Treatment"
"577";"St";22,99;"Treatment"
"578";"St";20,99;"Treatment"
"579";"St";15,99;"Treatment"
"580";"St";25,99;"Treatment"
"581";"St";19,99;"Treatment"
"582";"St";20,99;"Treatment"
"583";"St";24,99;"Treatment"
"584";"St";23,99;"Treatment"
"585";"St";22,99;"Treatment"
"586";"St";23,99;"Treatment"
"587";"St";22,99;"Treatment"
"588";"St";17,99;"Treatment"
"589";"St";25,99;"Treatment"
"590";"St";23,99;"Treatment"
"591";"St";19,99;"Treatment"
"592";"St";20,99;"Treatment"
"593";"St";19,99;"Treatment"
"594";"St";24,99;"Treatment"
"595";"St";22,99;"Treatment"
"596";"St";23,99;"Treatment"
"597";"St";21,99;"Treatment"
"598";"St";25,99;"Treatment"
"599";"St";20,99;"Treatment"
"600";"St";19,99;"Treatment"
"601";"St";20,99;"Treatment"
"602";"St";20,99;"Treatment"
"603";"St";18,99;"Treatment"
"604";"St";24,99;"Treatment"
"605";"St";26,99;"Treatment"
"606";"St";24,99;"Treatment"
"607";"St";18,99;"Treatment"
"608";"St";21,99;"Treatment"
"609";"St";23,99;"Treatment"
"610";"St";22,99;"Treatment"
"611";"St";24,99;"Treatment"
"612";"St";20,99;"Treatment"
"613";"St";19,99;"Treatment"
"614";"St";19,99;"Treatment"
"615";"St";19,99;"Treatment"
"616";"St";24,99;"Treatment"
"617";"St";22,99;"Treatment"
"618";"St";20,99;"Treatment"
"619";"St";23,99;"Treatment"
"620";"St";18,99;"Treatment"
"621";"St";21,99;"Treatment"
"622";"St";22,99;"Treatment"
"623";"St";20,99;"Treatment"
"624";"St";25,99;"Treatment"
"625";"St";22,99;"Treatment"
"626";"St";17,99;"Treatment"
"627";"St";22,99;"Treatment"
"628";"St";18,99;"Treatment"
"629";"St";22,99;"Treatment"
"630";"St";17,99;"Treatment"
"631";"St";21,99;"Treatment"
"632";"St";20,99;"Treatment"
"633";"St";23,99;"Treatment"
"634";"St";23,99;"Treatment"
"635";"St";19,99;"Treatment"
"636";"St";18,99;"Treatment"
"637";"St";19,99;"Treatment"
"638";"St";22,99;"Treatment"
"639";"St";22,99;"Treatment"
"640";"St";22,99;"Treatment"
"641";"St";22,99;"Treatment"
"642";"St";19,99;"Treatment"
"643";"St";25,99;"Treatment"
"644";"St";19,99;"Treatment"
"645";"St";22,99;"Treatment"
"646";"St";21,99;"Treatment"
"647";"St";21,99;"Treatment"
"648";"St";22,99;"Treatment"
"649";"St";23,99;"Treatment"
"650";"St";25,99;"Treatment"
"651";"St";21,99;"Treatment"
"652";"St";25,99;"Treatment"
"653";"St";20,99;"Treatment"
"654";"St";21,99;"Treatment"
"655";"St";24,99;"Treatment"
"656";"St";19,99;"Treatment"
"657";"St";19,99;"Treatment"
"658";"St";17,99;"Treatment"
"659";"St";23,99;"Treatment"
"660";"St";19,99;"Treatment"
"661";"St";19,99;"Treatment"
"662";"St";19,99;"Treatment"
"663";"St";19,99;"Treatment"
"664";"St";21,99;"Treatment"
"665";"St";22,99;"Treatment"
"666";"St";20,99;"Treatment"
"667";"St";21,99;"Treatment"
"668";"St";15,99;"Treatment"
"669";"St";21,99;"Treatment"
"670";"St";18,99;"Treatment"
"671";"St";20,99;"Treatment"
"672";"St";20,99;"Treatment"
"673";"St";22,99;"Treatment"
"674";"St";23,99;"Treatment"
"675";"St";19,99;"Treatment"
"676";"St";19,99;"Treatment"
"677";"St";20,99;"Treatment"
"678";"St";19,99;"Treatment"
"679";"St";20,99;"Treatment"
"680";"St";21,99;"Treatment"
"681";"St";18,99;"Treatment"
"682";"St";23,99;"Treatment"
"683";"St";22,99;"Treatment"
"684";"St";20,99;"Treatment"
"685";"St";26,99;"Treatment"
"686";"St";23,99;"Treatment"
"687";"St";19,99;"Treatment"
"688";"St";20,99;"Treatment"
"689";"St";19,99;"Treatment"
"690";"Yc";12,99;"Treatment"
"691";"Yc";18,99;"Treatment"
"692";"Yc";22,99;"Treatment"
"693";"Yc";15,99;"Treatment"
"694";"Yc";18,99;"Treatment"
"695";"Yc";19,99;"Treatment"
"696";"Yc";17,99;"Treatment"
"697";"Yc";9,99;"Treatment"
"698";"Yc";22,99;"Treatment"
"699";"Yc";8,99;"Treatment"
"700";"Yc";14,99;"Treatment"
"701";"Yc";16,99;"Treatment"
"702";"Yc";15,99;"Treatment"
"703";"Yc";14,99;"Treatment"
"704";"Yc";12,99;"Treatment"
"705";"Yc";4,99;"Treatment"
"706";"Yc";14,99;"Treatment"
"707";"Yc";20,99;"Treatment"
"708";"Yc";9,99;"Treatment"
"709";"Yc";17,99;"Treatment"
"710";"Yc";12,99;"Treatment"
"711";"Yc";20,99;"Treatment"
"712";"Yc";15,99;"Treatment"
"713";"Yc";13,99;"Treatment"
"714";"Yc";9,99;"Treatment"
"715";"Yc";13,99;"Treatment"
"716";"Yc";14,99;"Treatment"
"717";"Yc";10,99;"Treatment"
"718";"Yc";22,99;"Treatment"
"719";"Yc";20,99;"Treatment"
"720";"Yc";22,99;"Treatment"
"721";"Yc";10,99;"Treatment"
"722";"Yc";19,99;"Treatment"
"723";"Yc";19,99;"Treatment"
"724";"Yc";13,99;"Treatment"
"725";"Yc";16,99;"Treatment"
"726";"Yc";13,99;"Treatment"
"727";"Yc";20,99;"Treatment"
"728";"Yc";14,99;"Treatment"
"729";"Yc";8,99;"Treatment"
"730";"Yc";8,99;"Treatment"
"731";"Yc";13,99;"Treatment"
"732";"Yc";16,99;"Treatment"
"733";"Yc";8,99;"Treatment"
"734";"Yc";15,99;"Treatment"
"735";"Yc";15,99;"Treatment"
"736";"Yc";16,99;"Treatment"
"737";"Yc";13,99;"Treatment"
"738";"Yc";14,99;"Treatment"
"739";"Yc";12,99;"Treatment"
"740";"Yc";20,99;"Treatment"
"741";"Yc";9,99;"Treatment"
"742";"Yc";18,99;"Treatment"
"743";"Yc";7,99;"Treatment"
"744";"Yc";21,99;"Treatment"
"745";"Yc";16,99;"Treatment"
"746";"Yc";20,99;"Treatment"
"747";"Yc";17,99;"Treatment"
"748";"Yc";9,99;"Treatment"
"749";"Yc";11,99;"Treatment"
"750";"Yc";11,99;"Treatment"
"751";"Yc";14,99;"Treatment"
"752";"Yc";11,99;"Treatment"
"753";"Yc";16,99;"Treatment"
"754";"Yc";12,99;"Treatment"
"755";"Yc";11,99;"Treatment"
"756";"Yc";19,99;"Treatment"
"757";"Yc";13,99;"Treatment"
"758";"Yc";6,99;"Treatment"
"759";"Yc";13,99;"Treatment"
"760";"Yc";6,99;"Treatment"
"761";"Yc";12,99;"Treatment"
"762";"Yc";11,99;"Treatment"
"763";"Yc";14,99;"Treatment"
"764";"Yc";11,99;"Treatment"
"765";"Yc";21,99;"Treatment"
"766";"Yc";22,99;"Treatment"
"767";"Yc";9,99;"Treatment"
"768";"Yc";3,99;"Treatment"
"769";"Yc";12,99;"Treatment"
"770";"Yc";18,99;"Treatment"
"771";"Yc";11,99;"Treatment"
"772";"Yc";11,99;"Treatment"
"773";"Yc";13,99;"Treatment"
"774";"Yc";12,99;"Treatment"
"775";"Yc";13,99;"Treatment"
"776";"Yc";18,99;"Treatment"
"777";"Yc";11,99;"Treatment"
"778";"Yc";10,99;"Treatment"
"779";"Yc";10,99;"Treatment"
"780";"Yc";12,99;"Treatment"
"781";"Yc";9,99;"Treatment"
"782";"Yc";12,99;"Treatment"
"783";"Yc";14,99;"Treatment"
"784";"Yc";11,99;"Treatment"
"785";"Yc";8,99;"Treatment"
"786";"Yc";18,99;"Treatment"
"787";"Yc";11,99;"Treatment"
"788";"Yc";18,99;"Treatment"
"789";"Yc";14,99;"Treatment"
"790";"Yc";14,99;"Treatment"
"791";"Yc";16,99;"Treatment"
"792";"Yc";21,99;"Treatment"
"793";"Yc";18,99;"Treatment"
"794";"Pp";13,99;"Control"
"795";"Pp";15,99;"Control"
"796";"Pp";20,99;"Control"
"797";"Pp";14,99;"Control"
"798";"Pp";16,99;"Control"
"799";"Pp";15,99;"Control"
"800";"Pp";14,99;"Control"
"801";"Pp";16,99;"Control"
"802";"Pp";14,99;"Control"
"803";"Pp";15,99;"Control"
"804";"Pp";16,99;"Control"
"805";"Pp";17,99;"Control"
"806";"Pp";14,99;"Control"
"807";"Pp";18,99;"Control"
"808";"Pp";14,99;"Control"
"809";"Pp";17,99;"Control"
"810";"Pp";16,99;"Control"
"811";"Pp";15,99;"Control"
"812";"Pp";13,99;"Control"
"813";"Pp";14,99;"Control"
"814";"Pp";17,99;"Control"
"815";"Pp";15,99;"Control"
"816";"Pp";12,99;"Control"
"817";"Pp";10,99;"Control"
"818";"Pp";14,99;"Control"
"819";"Pp";16,99;"Control"
"820";"Pp";14,99;"Control"
"821";"Pp";16,99;"Control"
"822";"Pp";15,99;"Control"
"823";"Pp";11,99;"Control"
"824";"Pp";15,99;"Control"
"825";"Pp";15,99;"Control"
"826";"Pp";16,99;"Control"
"827";"Pp";15,99;"Control"
"828";"Pp";11,99;"Control"
"829";"Pp";15,99;"Control"
"830";"Pp";17,99;"Control"
"831";"Pp";15,99;"Control"
"832";"Pp";14,99;"Control"
"833";"Pp";14,99;"Control"
"834";"Pp";18,99;"Control"
"835";"Pp";10,99;"Control"
"836";"Pp";12,99;"Control"
"837";"Pp";18,99;"Control"
"838";"Pp";19,99;"Control"
"839";"Pp";17,99;"Control"
"840";"Pp";18,99;"Control"
"841";"Pp";13,99;"Control"
"842";"Pp";14,99;"Control"
"843";"Pp";17,99;"Control"
"844";"Pp";15,99;"Control"
"845";"Pp";16,99;"Control"
"846";"Pp";15,99;"Control"
"847";"Pp";16,99;"Control"
"848";"Pp";18,99;"Control"
"849";"Pp";18,99;"Control"
"850";"Pp";15,99;"Control"
"851";"Pp";16,99;"Control"
"852";"Pp";12,99;"Control"
"853";"Pp";14,99;"Control"
"854";"Pp";14,99;"Control"
"855";"Pp";16,99;"Control"
"856";"Pp";17,99;"Control"
"857";"Pp";15,99;"Control"
"858";"Pp";18,99;"Control"
"859";"Pp";11,99;"Control"
"860";"Pp";16,99;"Control"
"861";"Pp";16,99;"Control"
"862";"Pp";20,99;"Control"
"863";"Pp";17,99;"Control"
"864";"Pp";14,99;"Control"
"865";"Pp";14,99;"Control"
"866";"Pp";14,99;"Control"
"867";"Pp";14,99;"Control"
"868";"Pp";13,99;"Control"
"869";"Pp";13,99;"Control"
"870";"Pp";13,99;"Control"
"871";"Pp";15,99;"Control"
"872";"Pp";13,99;"Control"
"873";"Pp";13,99;"Control"
"874";"Pp";17,99;"Control"
"875";"Pp";16,99;"Control"
"876";"Pp";14,99;"Control"
"877";"Pp";15,99;"Control"
"878";"Pp";16,99;"Control"
"879";"Pp";13,99;"Control"
"880";"Pp";17,99;"Control"
"881";"Pp";18,99;"Control"
"882";"Pp";15,99;"Control"
"883";"Pp";16,99;"Control"
"884";"Pp";20,99;"Control"
"885";"Pp";15,99;"Control"
"886";"Pp";14,99;"Control"
"887";"Pp";18,99;"Control"
"888";"Pp";13,99;"Control"
"889";"Pp";11,99;"Control"
"890";"Pp";12,99;"Control"
"891";"Pp";17,99;"Control"
"892";"Pp";16,99;"Control"
"893";"Pp";14,99;"Control"
"894";"Pp";19,99;"Control"
"895";"Pp";14,99;"Control"
"896";"Pp";16,99;"Control"
"897";"Pp";11,99;"Control"
"898";"Pp";20,99;"Control"
"899";"Pp";16,99;"Control"
"900";"Pp";19,99;"Control"
"901";"Pp";15,99;"Control"
"902";"Pp";17,99;"Control"
"903";"Pp";14,99;"Control"
"904";"Pp";13,99;"Control"
"905";"Pp";15,99;"Control"
"906";"Pp";13,99;"Control"
"907";"Pp";15,99;"Control"
"908";"Pp";15,99;"Control"
"909";"Pp";16,99;"Control"
"910";"Pp";15,99;"Control"
"911";"Pp";15,99;"Control"
"912";"Pp";19,99;"Control"
"913";"Pp";14,99;"Control"
"914";"Pp";17,99;"Control"
"915";"Pp";13,99;"Control"
"916";"Pp";16,99;"Control"
"917";"Pp";15,99;"Control"
"918";"Pp";18,99;"Control"
"919";"Pp";15,99;"Control"
"920";"Pp";16,99;"Control"
"921";"Pp";13,99;"Control"
"922";"Pp";15,99;"Control"
"923";"Pp";18,99;"Control"
"924";"Pp";15,99;"Control"
"925";"Pp";16,99;"Control"
"926";"Pp";17,99;"Control"
"927";"Pp";15,99;"Control"
"928";"Pp";17,99;"Control"
"929";"Pp";15,99;"Control"
"930";"Pp";17,99;"Control"
"931";"Pp";16,99;"Control"
"932";"Pp";16,99;"Control"
"933";"Pp";17,99;"Control"
"934";"Pp";16,99;"Control"
"935";"Pp";14,99;"Control"
"936";"Pp";16,99;"Control"
"937";"Pp";12,99;"Control"
"938";"Pp";17,99;"Control"
"939";"Pp";16,99;"Control"
"940";"Pp";13,99;"Control"
"941";"Pp";18,99;"Control"
"942";"Pp";17,99;"Control"
"943";"Pp";15,99;"Control"
"944";"Pp";13,99;"Control"
"945";"Pp";16,99;"Control"
"946";"Pp";12,99;"Control"
"947";"Pp";15,99;"Control"
"948";"Pp";17,99;"Control"
"949";"Pp";14,99;"Control"
"950";"Pp";15,99;"Control"
"951";"Pp";12,99;"Control"
"952";"Pp";15,99;"Control"
"953";"Pp";17,99;"Control"
"954";"Pp";15,99;"Control"
"955";"Pp";14,99;"Control"
"956";"Pp";15,99;"Control"
"957";"Pp";18,99;"Control"
"958";"Pp";15,99;"Control"
"959";"Pp";15,99;"Control"
"960";"Pp";11,99;"Control"
"961";"Pp";15,99;"Control"
"962";"Pp";17,99;"Control"
"963";"Pp";12,99;"Control"
"964";"Pp";14,99;"Control"
"965";"Pp";16,99;"Control"
"966";"Pp";16,99;"Control"
"967";"Pp";17,99;"Control"
"968";"Pp";16,99;"Control"
"969";"Pp";13,99;"Control"
"970";"Pp";16,99;"Control"
"971";"Pp";16,99;"Control"
"972";"Pp";14,99;"Control"
"973";"Pp";15,99;"Control"
"974";"Pp";16,99;"Control"
"975";"Pp";20,99;"Control"
"976";"Pp";12,99;"Control"
"977";"Pp";13,99;"Control"
"978";"Pp";16,99;"Control"
"979";"Pp";16,99;"Control"
"980";"Pp";17,99;"Control"
"981";"Pp";11,99;"Control"
"982";"Pp";20,99;"Control"
"983";"Pp";14,99;"Control"
"984";"Pp";15,99;"Control"
"985";"Pp";16,99;"Control"
"986";"Pp";15,99;"Control"
"987";"Pp";14,99;"Control"
"988";"Pp";18,99;"Control"
"989";"Pp";13,99;"Control"
"990";"Pp";11,99;"Control"
"991";"Pp";17,99;"Control"
"992";"Pp";15,99;"Control"
"993";"Pp";18,99;"Control"
"994";"Pp";16,99;"Control"
"995";"Pp";14,99;"Control"
"996";"Pp";13,99;"Control"
"997";"Pp";17,99;"Control"
"998";"Pp";13,99;"Control"
"999";"Pp";16,99;"Control"
"1000";"Pp";16,99;"Control"
"1001";"Pp";15,99;"Control"
"1002";"Pp";18,99;"Control"
"1003";"Pp";13,99;"Control"
"1004";"Pp";18,99;"Control"
"1005";"Pp";11,99;"Control"
"1006";"Pp";15,99;"Control"
"1007";"Pp";11,99;"Control"
"1008";"Pp";19,99;"Control"
"1009";"Pp";17,99;"Control"
"1010";"Pp";17,99;"Control"
"1011";"Pp";12,99;"Control"
"1012";"Pp";15,99;"Control"
"1013";"Pp";18,99;"Control"
"1014";"Pp";14,99;"Control"
"1015";"Pp";18,99;"Control"
"1016";"Pp";12,99;"Control"
"1017";"Pp";15,99;"Control"
"1018";"Pp";14,99;"Control"
"1019";"Pp";12,99;"Control"
"1020";"Pp";16,99;"Control"
"1021";"Pp";12,99;"Control"
"1022";"Pp";13,99;"Control"
"1023";"Pp";17,99;"Control"
"1024";"Pp";17,99;"Control"
"1025";"Pp";16,99;"Control"
"1026";"Pp";16,99;"Control"
"1027";"Pp";15,99;"Control"
"1028";"Pp";14,99;"Control"
"1029";"Pp";17,99;"Control"
"1030";"Pp";14,99;"Control"
"1031";"Pp";12,99;"Control"
"1032";"Pp";13,99;"Control"
"1033";"Pp";17,99;"Control"
"1034";"Pp";13,99;"Control"
"1035";"Pp";9,99;"Control"
"1036";"Pp";13,99;"Control"
"1037";"Pp";15,99;"Control"
"1038";"Pp";12,99;"Control"
"1039";"Pp";14,99;"Control"
"1040";"Pp";15,99;"Control"
"1041";"Pp";12,99;"Control"
"1042";"Pp";16,99;"Control"
"1043";"Pp";19,99;"Control"
"1044";"Pp";16,99;"Control"
"1045";"Pp";16,99;"Control"
"1046";"Pp";12,99;"Control"
"1047";"Pp";14,99;"Control"
"1048";"Pp";15,99;"Control"
"1049";"Pp";18,99;"Control"
"1050";"Pp";14,99;"Control"
"1051";"Pp";10,99;"Control"
"1052";"Pp";15,99;"Control"
"1053";"Pp";15,99;"Control"
"1054";"Pp";16,99;"Control"
"1055";"Pp";17,99;"Control"
"1056";"Pp";12,99;"Control"
"1057";"Pp";14,99;"Control"
"1058";"Pp";13,99;"Control"
"1059";"Pp";15,99;"Control"
"1060";"Pp";14,99;"Control"
"1061";"Pp";12,99;"Control"
"1062";"Pp";13,99;"Control"
"1063";"Pp";12,99;"Control"
"1064";"Pp";14,99;"Control"
"1065";"Pp";19,99;"Control"
"1066";"Pp";17,99;"Control"
"1067";"Pp";15,99;"Control"
"1068";"Pp";12,99;"Control"
"1069";"Pp";14,99;"Control"
"1070";"Pp";11,99;"Control"
"1071";"Pp";16,99;"Control"
"1072";"Pp";14,99;"Control"
"1073";"Pp";18,99;"Control"
"1074";"Pp";18,99;"Control"
"1075";"Pp";11,99;"Control"
"1076";"Pp";16,99;"Control"
"1077";"Pp";13,99;"Control"
"1078";"Pp";15,99;"Control"
"1079";"Pp";12,99;"Control"
"1080";"Pp";11,99;"Control"
"1081";"Pp";17,99;"Control"
"1082";"Pp";14,99;"Control"
"1083";"Pp";13,99;"Control"
"1084";"Pp";16,99;"Control"
"1085";"Pp";15,99;"Control"
"1086";"Pp";15,99;"Control"
"1087";"Pp";14,99;"Control"
"1088";"Pp";11,99;"Control"
"1089";"Pp";15,99;"Control"
"1090";"Pp";12,99;"Control"
"1091";"Pp";15,99;"Control"
"1092";"Pp";17,99;"Control"
"1093";"Pp";15,99;"Control"
"1094";"Pp";17,99;"Control"
"1095";"Pp";16,99;"Control"
"1096";"Pp";17,99;"Control"
"1097";"Pp";16,99;"Control"
"1098";"Pp";15,99;"Control"
"1099";"Pp";17,99;"Control"
"1100";"Pp";18,99;"Control"
"1101";"Pp";16,99;"Control"
"1102";"Pp";13,99;"Control"
"1103";"Pp";15,99;"Control"
"1104";"Pp";16,99;"Control"
"1105";"Pp";12,99;"Control"
"1106";"Pp";16,99;"Control"
"1107";"Pp";16,99;"Control"
"1108";"Pp";16,99;"Control"
"1109";"Pp";16,99;"Control"
"1110";"Pp";14,99;"Control"
"1111";"Pp";15,99;"Control"
"1112";"Pp";12,99;"Control"
"1113";"Pp";15,99;"Control"
"1114";"Pp";13,99;"Control"
"1115";"Pp";16,99;"Control"
"1116";"Pp";18,99;"Control"
"1117";"Pp";16,99;"Control"
"1118";"Pp";14,99;"Control"
"1119";"Pp";12,99;"Control"
"1120";"Pp";14,99;"Control"
"1121";"Pp";17,99;"Control"
"1122";"Pp";15,99;"Control"
"1123";"Pp";15,99;"Control"
"1124";"Pp";16,99;"Control"
"1125";"Pp";15,99;"Control"
"1126";"Pp";14,99;"Control"
"1127";"Pp";18,99;"Control"
"1128";"Pp";15,99;"Control"
"1129";"Pp";14,99;"Control"
"1130";"Pp";12,99;"Control"
"1131";"Pp";13,99;"Control"
"1132";"Pp";15,99;"Control"
"1133";"Pp";13,99;"Control"
"1134";"Pp";16,99;"Control"
"1135";"Pp";15,99;"Control"
"1136";"Pp";18,99;"Control"
"1137";"Pp";15,99;"Control"
"1138";"Pp";14,99;"Control"
"1139";"Pp";15,99;"Control"
"1140";"Pp";14,99;"Control"
"1141";"Pp";19,99;"Control"
"1142";"Pp";11,99;"Control"
"1143";"Pp";17,99;"Control"
"1144";"Pp";14,99;"Control"
"1145";"Pp";15,99;"Control"
"1146";"Pp";13,99;"Control"
"1147";"Pp";14,99;"Control"
"1148";"Pp";12,99;"Control"
"1149";"Pp";16,99;"Control"
"1150";"Pp";14,99;"Control"
"1151";"Pp";14,99;"Control"
"1152";"Pp";15,99;"Control"
"1153";"Pp";14,99;"Control"
"1154";"Pp";16,99;"Control"
"1155";"Pp";17,99;"Control"
"1156";"Pp";17,99;"Control"
"1157";"Pp";16,99;"Control"
"1158";"Pp";14,99;"Control"
"1159";"Pp";17,99;"Control"
"1160";"Pp";15,99;"Control"
"1161";"Pp";17,99;"Control"
"1162";"Pp";12,99;"Control"
"1163";"Pp";14,99;"Control"
"1164";"Pp";17,99;"Control"
"1165";"Pp";12,99;"Control"
"1166";"Pp";19,99;"Control"
"1167";"Pp";12,99;"Control"
"1168";"Pp";13,99;"Control"
"1169";"Pp";14,99;"Control"
"1170";"Pp";16,99;"Control"
"1171";"Pp";16,99;"Control"
"1172";"Pp";12,99;"Control"
"1173";"Pp";12,99;"Control"
"1174";"Pp";17,99;"Control"
"1175";"Pp";13,99;"Control"
"1176";"Pp";18,99;"Control"
"1177";"Pp";15,99;"Control"
"1178";"Pp";16,99;"Control"
"1179";"Pp";15,99;"Control"
"1180";"Pp";13,99;"Control"
"1181";"Pp";15,99;"Control"
"1182";"Pp";15,99;"Control"
"1183";"Pp";14,99;"Control"
"1184";"Pp";14,99;"Control"
"1185";"Pp";17,99;"Control"
"1186";"Pp";17,99;"Control"
"1187";"Pp";14,99;"Control"
"1188";"Pp";15,99;"Control"
"1189";"Pp";16,99;"Control"
"1190";"Pp";14,99;"Control"
"1191";"Pp";16,99;"Control"
"1192";"Pp";16,99;"Control"
"1193";"Pp";16,99;"Control"
"1194";"Pp";12,99;"Control"
"1195";"Pp";16,99;"Control"
"1196";"Pp";16,99;"Control"
"1197";"Pp";18,99;"Control"
"1198";"Pp";16,99;"Control"
"1199";"Pp";14,99;"Control"
"1200";"Pp";20,99;"Control"
"1201";"Pp";16,99;"Control"
"1202";"Pp";11,99;"Control"
"1203";"Pp";11,99;"Control"
"1204";"Pp";16,99;"Control"
"1205";"Pp";17,99;"Control"
"1206";"Pp";13,99;"Control"
"1207";"Pp";14,99;"Control"
"1208";"Pp";16,99;"Control"
"1209";"Pp";16,99;"Control"
"1210";"Pp";12,99;"Control"
"1211";"Pp";15,99;"Control"
"1212";"Pp";14,99;"Control"
"1213";"Pp";16,99;"Control"
"1214";"Pp";17,99;"Control"
"1215";"Pp";15,99;"Control"
"1216";"Pp";14,99;"Control"
"1217";"Pp";15,99;"Control"
"1218";"Pp";13,99;"Control"
"1219";"Pp";14,99;"Control"
"1220";"Pp";15,99;"Control"
"1221";"Pp";15,99;"Control"
"1222";"Pp";17,99;"Control"
"1223";"Pp";14,99;"Control"
"1224";"Pp";16,99;"Control"
"1225";"Pp";18,99;"Control"
"1226";"Pp";11,99;"Control"
"1227";"Pp";14,99;"Control"
"1228";"Pp";15,99;"Control"
"1229";"Pp";14,99;"Control"
"1230";"Pp";11,99;"Control"
"1231";"Pp";16,99;"Control"
"1232";"Pp";13,99;"Control"
"1233";"Pp";18,99;"Control"
"1234";"Pp";13,99;"Control"
"1235";"Pp";12,99;"Control"
"1236";"Pp";13,99;"Control"
"1237";"Pp";18,99;"Control"
"1238";"Pp";10,99;"Control"
"1239";"Pp";14,99;"Control"
"1240";"Pp";15,99;"Control"
"1241";"Pp";13,99;"Control"
"1242";"Pp";14,99;"Control"
"1243";"Pp";12,99;"Control"
"1244";"Pp";12,99;"Control"
"1245";"Pp";14,99;"Control"
"1246";"Pp";12,99;"Control"
"1247";"Pp";16,99;"Control"
"1248";"Pp";14,99;"Control"
"1249";"Pp";16,99;"Control"
"1250";"Pp";15,99;"Control"
"1251";"Pp";15,99;"Control"
"1252";"Pp";12,99;"Control"
"1253";"Pp";10,99;"Control"
"1254";"Pp";18,99;"Control"
"1255";"Pp";14,99;"Control"
"1256";"Pp";21,99;"Control"
"1257";"Pp";15,99;"Control"
"1258";"Pp";13,99;"Control"
"1259";"Pp";14,99;"Control"
"1260";"Pp";13,99;"Control"
"1261";"Pp";16,99;"Control"
"1262";"Pp";14,99;"Control"
"1263";"Pp";13,99;"Control"
"1264";"Pp";16,99;"Control"
"1265";"Pp";13,99;"Control"
"1266";"Pp";22,99;"Control"
"1267";"Pp";13,99;"Control"
"1268";"Pp";14,99;"Control"
"1269";"Pp";17,99;"Control"
"1270";"Pp";17,99;"Control"
"1271";"Pp";15,99;"Control"
"1272";"Pp";17,99;"Control"
"1273";"Pp";15,99;"Control"
"1274";"Pp";16,99;"Control"
"1275";"Pp";11,99;"Control"
"1276";"Pp";14,99;"Control"
"1277";"Pp";14,99;"Control"
"1278";"Pp";15,99;"Control"
"1279";"Pp";15,99;"Control"
"1280";"Pp";18,99;"Control"
"1281";"Pp";17,99;"Control"
"1282";"Pp";15,99;"Control"
"1283";"Pp";19,99;"Control"
"1284";"Pp";15,99;"Control"
"1285";"Pp";14,99;"Control"
"1286";"Pp";15,99;"Control"
"1287";"Pp";15,99;"Control"
"1288";"Pp";13,99;"Control"
"1289";"Pp";14,99;"Control"
"1290";"Pp";16,99;"Control"
"1291";"Pp";11,99;"Control"
"1292";"Pp";15,99;"Control"
"1293";"Pp";15,99;"Control"
"1294";"Pp";16,99;"Control"
"1295";"Pp";17,99;"Control"
"1296";"Pp";13,99;"Control"
"1297";"Pp";20,99;"Control"
"1298";"Pp";15,99;"Control"
"1299";"Pp";16,99;"Control"
"1300";"Pp";20,99;"Control"
"1301";"Pp";17,99;"Control"
"1302";"Pp";14,99;"Control"
"1303";"Pp";17,99;"Control"
"1304";"Pp";16,99;"Control"
"1305";"Pp";15,99;"Control"
"1306";"Pp";17,99;"Control"
"1307";"Pp";15,99;"Control"
"1308";"Pp";13,99;"Control"
"1309";"Pp";16,99;"Control"
"1310";"Pp";14,99;"Control"
"1311";"Pp";14,99;"Control"
"1312";"Pp";17,99;"Control"
"1313";"Pp";15,99;"Control"
"1314";"Pp";16,99;"Control"
"1315";"Pp";15,99;"Control"
"1316";"Pp";15,99;"Control"
"1317";"Pp";15,99;"Control"
"1318";"Pp";13,99;"Control"
"1319";"Pp";14,99;"Control"
"1320";"Pp";14,99;"Control"
"1321";"Pp";13,99;"Control"
"1322";"Pp";15,99;"Control"
"1323";"Pp";17,99;"Control"
"1324";"Pp";16,99;"Control"
"1325";"Pp";14,99;"Control"
"1326";"Pp";11,99;"Control"
"1327";"Pp";15,99;"Control"
"1328";"Pp";15,99;"Control"
"1329";"Pp";13,99;"Control"
"1330";"Pp";16,99;"Control"
"1331";"Pp";18,99;"Control"
"1332";"Pp";14,99;"Control"
"1333";"Pp";17,99;"Control"
"1334";"Pp";16,99;"Control"
"1335";"Pp";16,99;"Control"
"1336";"Pp";14,99;"Control"
"1337";"Pp";13,99;"Control"
"1338";"Pp";13,99;"Control"
"1339";"Pp";14,99;"Control"
"1340";"Pp";15,99;"Control"
"1341";"Pp";13,99;"Control"
"1342";"Pp";16,99;"Control"
"1343";"Pp";15,99;"Control"
"1344";"Pp";14,99;"Control"
"1345";"Pp";20,99;"Control"
"1346";"Pp";22,99;"Control"
"1347";"Pp";12,99;"Control"
"1348";"Pp";14,99;"Control"
"1349";"Pp";10,99;"Control"
"1350";"Pp";19,99;"Control"
"1351";"Pp";15,99;"Control"
"1352";"Pp";17,99;"Control"
"1353";"Pp";14,99;"Control"
"1354";"Pp";20,99;"Control"
"1355";"Pp";13,99;"Control"
"1356";"Pp";19,99;"Control"
"1357";"Pp";15,99;"Control"
"1358";"Pp";13,99;"Control"
"1359";"Pp";14,99;"Control"
"1360";"Pp";18,99;"Control"
"1361";"Pp";15,99;"Control"
"1362";"Pp";14,99;"Control"
"1363";"Pp";15,99;"Control"
"1364";"Pp";14,99;"Control"
"1365";"Pp";11,99;"Control"
"1366";"Pp";14,99;"Control"
"1367";"Pp";15,99;"Control"
"1368";"Pp";16,99;"Control"
"1369";"Pp";16,99;"Control"
"1370";"Pp";18,99;"Control"
"1371";"Pp";16,99;"Control"
"1372";"Pp";17,99;"Control"
"1373";"Pp";13,99;"Control"
"1374";"Pp";13,99;"Control"
"1375";"Pp";18,99;"Control"
"1376";"Pp";13,99;"Control"
"1377";"Pp";18,99;"Control"
"1378";"Pp";13,99;"Control"
"1379";"Pp";15,99;"Control"
"1380";"Pp";15,99;"Control"
"1381";"Pp";13,99;"Control"
"1382";"Pp";19,99;"Control"
"1383";"Pp";15,99;"Control"
"1384";"Pp";17,99;"Control"
"1385";"Pp";15,99;"Control"
"1386";"Pp";16,99;"Control"
"1387";"Pp";18,99;"Control"
"1388";"Pp";16,99;"Control"
"1389";"St";17,99;"Control"
"1390";"St";27,99;"Control"
"1391";"St";21,99;"Control"
"1392";"St";19,99;"Control"
"1393";"St";20,99;"Control"
"1394";"St";15,99;"Control"
"1395";"St";17,99;"Control"
"1396";"St";19,99;"Control"
"1397";"St";21,99;"Control"
"1398";"St";23,99;"Control"
"1399";"St";21,99;"Control"
"1400";"St";20,99;"Control"
"1401";"St";20,99;"Control"
"1402";"St";21,99;"Control"
"1403";"St";23,99;"Control"
"1404";"St";20,99;"Control"
"1405";"St";21,99;"Control"
"1406";"St";13,99;"Control"
"1407";"St";22,99;"Control"
"1408";"St";19,99;"Control"
"1409";"St";23,99;"Control"
"1410";"St";17,99;"Control"
"1411";"St";27,99;"Control"
"1412";"St";20,99;"Control"
"1413";"St";23,99;"Control"
"1414";"St";17,99;"Control"
"1415";"St";19,99;"Control"
"1416";"St";21,99;"Control"
"1417";"St";24,99;"Control"
"1418";"St";16,99;"Control"
"1419";"St";19,99;"Control"
"1420";"St";20,99;"Control"
"1421";"St";19,99;"Control"
"1422";"St";15,99;"Control"
"1423";"St";21,99;"Control"
"1424";"St";21,99;"Control"
"1425";"St";21,99;"Control"
"1426";"St";20,99;"Control"
"1427";"St";22,99;"Control"
"1428";"St";22,99;"Control"
"1429";"St";22,99;"Control"
"1430";"St";20,99;"Control"
"1431";"St";16,99;"Control"
"1432";"St";18,99;"Control"
"1433";"St";20,99;"Control"
"1434";"St";20,99;"Control"
"1435";"St";21,99;"Control"
"1436";"St";21,99;"Control"
"1437";"St";22,99;"Control"
"1438";"St";19,99;"Control"
"1439";"St";21,99;"Control"
"1440";"St";21,99;"Control"
"1441";"St";18,99;"Control"
"1442";"St";24,99;"Control"
"1443";"St";18,99;"Control"
"1444";"St";22,99;"Control"
"1445";"St";22,99;"Control"
"1446";"St";16,99;"Control"
"1447";"St";19,99;"Control"
"1448";"St";22,99;"Control"
"1449";"St";19,99;"Control"
"1450";"St";22,99;"Control"
"1451";"St";17,99;"Control"
"1452";"St";14,99;"Control"
"1453";"St";17,99;"Control"
"1454";"St";20,99;"Control"
"1455";"St";19,99;"Control"
"1456";"St";19,99;"Control"
"1457";"St";18,99;"Control"
"1458";"St";18,99;"Control"
"1459";"St";20,99;"Control"
"1460";"St";27,99;"Control"
"1461";"St";20,99;"Control"
"1462";"St";19,99;"Control"
"1463";"St";19,99;"Control"
"1464";"St";16,99;"Control"
"1465";"St";22,99;"Control"
"1466";"St";21,99;"Control"
"1467";"St";18,99;"Control"
"1468";"St";19,99;"Control"
"1469";"St";26,99;"Control"
"1470";"St";19,99;"Control"
"1471";"St";20,99;"Control"
"1472";"St";19,99;"Control"
"1473";"St";18,99;"Control"
"1474";"St";19,99;"Control"
"1475";"St";24,99;"Control"
"1476";"St";19,99;"Control"
"1477";"St";17,99;"Control"
"1478";"St";20,99;"Control"
"1479";"St";22,99;"Control"
"1480";"St";21,99;"Control"
"1481";"St";21,99;"Control"
"1482";"St";19,99;"Control"
"1483";"St";20,99;"Control"
"1484";"St";17,99;"Control"
"1485";"St";20,99;"Control"
"1486";"St";21,99;"Control"
"1487";"St";20,99;"Control"
"1488";"St";19,99;"Control"
"1489";"St";21,99;"Control"
"1490";"St";20,99;"Control"
"1491";"St";19,99;"Control"
"1492";"St";25,99;"Control"
"1493";"St";21,99;"Control"
"1494";"St";22,99;"Control"
"1495";"St";14,99;"Control"
"1496";"St";20,99;"Control"
"1497";"St";20,99;"Control"
"1498";"St";18,99;"Control"
"1499";"St";18,99;"Control"
"1500";"St";17,99;"Control"
"1501";"St";23,99;"Control"
"1502";"St";19,99;"Control"
"1503";"St";20,99;"Control"
"1504";"St";21,99;"Control"
"1505";"St";19,99;"Control"
"1506";"St";23,99;"Control"
"1507";"St";20,99;"Control"
"1508";"St";19,99;"Control"
"1509";"St";21,99;"Control"
"1510";"Yc";10,99;"Control"
"1511";"Yc";16,99;"Control"
"1512";"Yc";18,99;"Control"
"1513";"Yc";19,99;"Control"
"1514";"Yc";19,99;"Control"
"1515";"Yc";20,99;"Control"
"1516";"Yc";19,99;"Control"
"1517";"Yc";14,99;"Control"
"1518";"Yc";16,99;"Control"
"1519";"Yc";18,99;"Control"
"1520";"Yc";15,99;"Control"
"1521";"Yc";13,99;"Control"
"1522";"Yc";23,99;"Control"
"1523";"Yc";24,99;"Control"
"1524";"Yc";13,99;"Control"
"1525";"Yc";22,99;"Control"
"1526";"Yc";18,99;"Control"
"1527";"Yc";13,99;"Control"
"1528";"Yc";15,99;"Control"
"1529";"Yc";17,99;"Control"
"1530";"Yc";17,99;"Control"
"1531";"Yc";22,99;"Control"
"1532";"Yc";22,99;"Control"
"1533";"Yc";14,99;"Control"
"1534";"Yc";20,99;"Control"
"1535";"Yc";20,99;"Control"
"1536";"Yc";11,99;"Control"
"1537";"Yc";20,99;"Control"
"1538";"Yc";21,99;"Control"
"1539";"Yc";15,99;"Control"
"1540";"Yc";13,99;"Control"
"1541";"Yc";20,99;"Control"
"1542";"Yc";16,99;"Control"
"1543";"Yc";23,99;"Control"
"1544";"Yc";14,99;"Control"
"1545";"Yc";23,99;"Control"
"1546";"Yc";18,99;"Control"
"1547";"Yc";16,99;"Control"
"1548";"Yc";19,99;"Control"
"1549";"Yc";17,99;"Control"
"1550";"Yc";15,99;"Control"
"1551";"Yc";12,99;"Control"
"1552";"Yc";18,99;"Control"
"1553";"Yc";14,99;"Control"
"1554";"Yc";8,99;"Control"
"1555";"Yc";15,99;"Control"
"1556";"Yc";19,99;"Control"
"1557";"Yc";17,99;"Control"
"1558";"Yc";13,99;"Control"
"1559";"Yc";15,99;"Control"
"1560";"Yc";13,99;"Control"
"1561";"Yc";17,99;"Control"
"1562";"Yc";13,99;"Control"
"1563";"Yc";14,99;"Control"
"1564";"Yc";21,99;"Control"
"1565";"Yc";15,99;"Control"
"1566";"Yc";26,99;"Control"
"1567";"Yc";12,99;"Control"
"1568";"Yc";14,99;"Control"
"1569";"Yc";17,99;"Control"
"1570";"Yc";17,99;"Control"
"1571";"Yc";17,99;"Control"
"1572";"Yc";15,99;"Control"
"1573";"Yc";23,99;"Control"
"1574";"Yc";19,99;"Control"
"1575";"Yc";16,99;"Control"
"1576";"Yc";20,99;"Control"
"1577";"Yc";13,99;"Control"
"1578";"Yc";17,99;"Control"
"1579";"Yc";19,99;"Control"
"1580";"Yc";17,99;"Control"
"1581";"Yc";18,99;"Control"
"1582";"Yc";17,99;"Control"
"1583";"Yc";16,99;"Control"
"1584";"Yc";20,99;"Control"
"1585";"Yc";19,99;"Control"
"1586";"Yc";21,99;"Control"
"1587";"Yc";14,99;"Control"
"1588";"Yc";17,99;"Control"
"1589";"Yc";20,99;"Control"
"1590";"Yc";8,99;"Control"
"1591";"Yc";14,99;"Control"
"1592";"Yc";20,99;"Control"
"1593";"Yc";16,99;"Control"
"1594";"Yc";25,99;"Control"
"1595";"Yc";19,99;"Control"
"1596";"Yc";15,99;"Control"
"1597";"Yc";11,99;"Control"
"1598";"Yc";10,99;"Control"
"1599";"Yc";15,99;"Control"
"1600";"Yc";19,99;"Control"
"1601";"Yc";21,99;"Control"
"1602";"Yc";14,99;"Control"
"1603";"Yc";20,99;"Control"
"1604";"Yc";18,99;"Control"
"1605";"Yc";14,99;"Control"
"1606";"Yc";17,99;"Control"
"1607";"Yc";24,99;"Control"
"1608";"Yc";13,99;"Control"
"1609";"Yc";26,99;"Control"
"1610";"Yc";22,99;"Control"
"1611";"Yc";22,99;"Control"
"1612";"Yc";18,99;"Control"
"1613";"Yc";21,99;"Control"
"1614";"Yc";17,99;"Control"
"1615";"Yc";23,99;"Control"
"1616";"Yc";13,99;"Control"
"1617";"Yc";14,99;"Control"
"1618";"Yc";17,99;"Control"
"1619";"Yc";13,99;"Control"
"1620";"Yc";17,99;"Control"
"1621";"Yc";24,99;"Control"
"1622";"Yc";15,99;"Control"
"1623";"Yc";15,99;"Control"
"1624";"Yc";18,99;"Control"
"1625";"Yc";14,99;"Control"
"1626";"Yc";22,99;"Control"
"1627";"Yc";26,99;"Control"
"1628";"Yc";9,99;"Control"
"1629";"Yc";22,99;"Control"
"1630";"Yc";20,99;"Control"
"1631";"Yc";19,99;"Control"
"1632";"Yc";17,99;"Control"
"1633";"Yc";16,99;"Control"
"1634";"Yc";17,99;"Control"
"1635";"Yc";22,99;"Control"
"1636";"Yc";24,99;"Control"
"1637";"Yc";24,99;"Control"
"1638";"Yc";13,99;"Control"
"1639";"Yc";19,99;"Control"
